student_id,age,gender,academic_level,country,avg_daily_usage_hours,most_used_platform,affects_academic_performance,sleep_hours_per_night,mental_health_score,relationship_status,conflicts_over_social_media,addicted_score,weekly_usage_hours,addiction_level
1,19,Female,Undergraduate,Bangladesh,5.2,Instagram,Yes,6.5,6,In Relationship,3,8,36.4,High
2,22,Male,Graduate,India,2.1,Twitter,No,7.5,8,Single,0,3,14.700000000000001,Low
3,20,Female,Undergraduate,USA,6.0,TikTok,Yes,5.0,5,Complicated,4,9,42.0,High
4,18,Male,High School,UK,3.0,YouTube,No,7.0,7,Single,1,4,21.0,Medium
5,21,Male,Graduate,Canada,4.5,Facebook,Yes,6.0,6,In Relationship,2,7,31.5,High
6,19,Female,Undergraduate,Australia,7.2,Instagram,Yes,4.5,4,Complicated,5,9,50.4,High
7,23,Male,Graduate,Germany,1.5,LinkedIn,No,8.0,9,Single,0,2,10.5,Low
8,20,Female,Undergraduate,Brazil,5.8,Snapchat,Yes,6.0,6,In Relationship,2,8,40.6,High
9,18,Male,High School,Japan,4.0,TikTok,No,6.5,7,Single,1,5,28.0,Medium
10,21,Female,Graduate,South Korea,3.3,Instagram,No,7.0,7,In Relationship,1,4,23.099999999999998,Medium
11,19,Male,Undergraduate,France,4.8,Snapchat,Yes,6.2,5,Complicated,3,7,33.6,High
12,20,Female,Undergraduate,Spain,5.5,TikTok,Yes,5.8,6,In Relationship,2,8,38.5,High
13,22,Male,Graduate,Italy,2.8,LinkedIn,No,7.2,8,Single,1,4,19.599999999999998,Medium
14,18,Female,High School,Mexico,6.5,Instagram,Yes,5.5,5,Single,4,9,45.5,High
15,21,Male,Undergraduate,Russia,3.7,YouTube,No,6.8,7,In Relationship,2,5,25.900000000000002,Medium
16,20,Female,Undergraduate,China,4.2,TikTok,Yes,6.0,6,Complicated,3,7,29.400000000000002,High
17,24,Male,Graduate,Sweden,2.0,LinkedIn,No,7.8,8,Single,0,3,14.0,Low
18,19,Female,High School,Norway,5.0,Instagram,Yes,5.7,5,In Relationship,3,8,35.0,High
19,21,Male,Undergraduate,Denmark,3.5,Facebook,No,6.7,7,Single,1,5,24.5,Medium
20,20,Female,Undergraduate,Netherlands,4.7,Snapchat,Yes,5.9,6,Complicated,3,7,32.9,High
21,18,Male,High School,Belgium,5.3,TikTok,Yes,5.5,5,Single,4,8,37.1,High
22,23,Female,Graduate,Switzerland,2.5,LinkedIn,No,7.3,8,In Relationship,1,4,17.5,Medium
23,19,Male,Undergraduate,Austria,4.9,Instagram,Yes,5.8,6,Complicated,3,7,34.300000000000004,High
24,20,Female,Undergraduate,Portugal,5.7,TikTok,Yes,5.4,5,Single,4,8,39.9,High
25,22,Male,Graduate,Greece,3.2,Facebook,No,6.9,7,In Relationship,2,5,22.400000000000002,Medium
26,19,Female,High School,Ireland,6.1,Instagram,Yes,5.2,5,Complicated,4,9,42.699999999999996,High
27,21,Male,Undergraduate,New Zealand,3.8,YouTube,No,6.6,7,Single,1,5,26.599999999999998,Medium
28,20,Female,Undergraduate,Singapore,4.4,TikTok,Yes,5.9,6,In Relationship,3,7,30.800000000000004,High
29,24,Male,Graduate,Malaysia,2.2,LinkedIn,No,7.4,8,Single,0,3,15.400000000000002,Low
30,19,Female,High School,Thailand,5.9,Instagram,Yes,5.3,5,Complicated,4,8,41.300000000000004,High
31,21,Male,Undergraduate,Vietnam,3.6,Facebook,No,6.7,7,Single,1,5,25.2,Medium
32,20,Female,Undergraduate,Philippines,4.8,Snapchat,Yes,5.7,6,In Relationship,3,7,33.6,High
33,18,Male,High School,Indonesia,5.4,TikTok,Yes,5.4,5,Complicated,4,8,37.800000000000004,High
34,23,Female,Graduate,Taiwan,2.6,LinkedIn,No,7.2,8,Single,1,4,18.2,Medium
35,19,Male,Undergraduate,Hong Kong,4.7,Instagram,Yes,5.8,6,In Relationship,3,7,32.9,High
36,20,Female,Undergraduate,Turkey,5.6,TikTok,Yes,5.5,5,Complicated,4,8,39.199999999999996,High
37,22,Male,Graduate,Israel,3.1,Facebook,No,6.8,7,Single,1,5,21.7,Medium
38,19,Female,High School,UAE,6.2,Instagram,Yes,5.1,5,In Relationship,4,9,43.4,High
39,21,Male,Undergraduate,Egypt,3.9,YouTube,No,6.5,7,Complicated,2,6,27.3,Medium
40,20,Female,Undergraduate,Morocco,4.5,TikTok,Yes,5.8,6,Single,3,7,31.5,High
41,24,Male,Graduate,South Africa,2.3,LinkedIn,No,7.3,8,In Relationship,1,4,16.099999999999998,Medium
42,19,Female,High School,Nigeria,5.8,Instagram,Yes,5.4,5,Complicated,4,8,40.6,High
43,21,Male,Undergraduate,Kenya,3.7,Facebook,No,6.6,7,Single,2,5,25.900000000000002,Medium
44,20,Female,Undergraduate,Ghana,4.6,Snapchat,Yes,5.7,6,In Relationship,3,7,32.199999999999996,High
45,18,Male,High School,Argentina,5.5,TikTok,Yes,5.3,5,Single,4,8,38.5,High
46,23,Female,Graduate,Chile,2.7,LinkedIn,No,7.1,8,Complicated,1,4,18.900000000000002,Medium
47,19,Male,Undergraduate,Colombia,4.8,Instagram,Yes,5.9,6,In Relationship,3,7,33.6,High
48,20,Female,Undergraduate,Peru,5.5,TikTok,Yes,5.6,5,Single,4,8,38.5,High
49,22,Male,Graduate,Venezuela,3.3,Facebook,No,6.7,7,In Relationship,2,5,23.099999999999998,Medium
50,19,Female,High School,Ecuador,6.3,Instagram,Yes,5.2,5,Complicated,4,9,44.1,High
51,21,Male,Undergraduate,Uruguay,3.8,YouTube,No,6.4,7,Single,2,6,26.599999999999998,Medium
52,20,Female,Undergraduate,Paraguay,4.7,TikTok,Yes,5.8,6,In Relationship,3,7,32.9,High
53,24,Male,Graduate,Bolivia,2.4,LinkedIn,No,7.2,8,Complicated,1,4,16.8,Medium
54,19,Female,High School,Costa Rica,5.7,Instagram,Yes,5.5,5,Single,4,8,39.9,High
55,21,Male,Undergraduate,Panama,3.6,Facebook,No,6.5,7,In Relationship,2,5,25.2,Medium
56,20,Female,Undergraduate,Jamaica,4.9,Snapchat,Yes,5.6,6,Complicated,3,7,34.300000000000004,High
57,18,Male,High School,Trinidad,5.6,TikTok,Yes,5.2,5,Single,4,8,39.199999999999996,High
58,23,Female,Graduate,Bahamas,2.8,LinkedIn,No,7.0,8,In Relationship,1,4,19.599999999999998,Medium
59,19,Male,Undergraduate,Iceland,4.6,Instagram,Yes,5.9,6,Complicated,3,7,32.199999999999996,High
60,20,Female,Undergraduate,Finland,5.4,TikTok,Yes,5.7,5,Single,4,8,37.800000000000004,High
61,22,Male,Graduate,Poland,3.1,Facebook,No,7.1,7,Single,1,5,21.7,Medium
62,19,Female,Undergraduate,Romania,5.6,Instagram,Yes,5.6,5,In Relationship,3,8,39.199999999999996,High
63,20,Male,Undergraduate,Hungary,4.2,TikTok,Yes,6.0,6,Complicated,3,7,29.400000000000002,High
64,18,Female,High School,Czech Republic,6.1,Snapchat,Yes,5.2,4,Single,4,9,42.699999999999996,High
65,23,Male,Graduate,Slovakia,2.3,LinkedIn,No,7.4,8,In Relationship,1,3,16.099999999999998,Low
66,21,Female,Undergraduate,Croatia,4.8,Instagram,Yes,5.8,6,Single,3,7,33.6,High
67,20,Male,Undergraduate,Serbia,3.9,YouTube,No,6.5,7,Complicated,2,6,27.3,Medium
68,19,Female,High School,Slovenia,5.7,TikTok,Yes,5.4,5,In Relationship,4,8,39.9,High
69,22,Male,Graduate,Bulgaria,2.8,LinkedIn,No,7.2,8,Single,1,4,19.599999999999998,Medium
70,20,Female,Undergraduate,Estonia,4.5,Instagram,Yes,5.9,6,Complicated,3,7,31.5,High
71,18,Male,High School,Latvia,5.4,Snapchat,Yes,5.5,5,Single,4,8,37.800000000000004,High
72,21,Female,Graduate,Lithuania,3.2,Facebook,No,6.8,7,In Relationship,2,5,22.400000000000002,Medium
73,19,Male,Undergraduate,Ukraine,4.9,TikTok,Yes,5.7,6,Complicated,3,7,34.300000000000004,High
74,20,Female,Undergraduate,Moldova,5.8,Instagram,Yes,5.3,5,Single,4,8,40.6,High
75,23,Male,Graduate,Belarus,2.5,LinkedIn,No,7.3,8,In Relationship,1,4,17.5,Medium
76,21,Female,Undergraduate,Kazakhstan,4.6,Snapchat,Yes,5.8,6,Single,3,7,32.199999999999996,High
77,19,Male,High School,Uzbekistan,5.5,TikTok,Yes,5.4,5,Complicated,4,8,38.5,High
78,22,Female,Graduate,Kyrgyzstan,2.9,Facebook,No,7.0,7,In Relationship,2,5,20.3,Medium
79,20,Male,Undergraduate,Tajikistan,4.7,YouTube,Yes,5.9,6,Single,3,7,32.9,High
80,18,Female,High School,Armenia,5.9,Instagram,Yes,5.2,5,Complicated,4,9,41.300000000000004,High
81,21,Male,Graduate,Georgia,3.0,LinkedIn,No,7.1,8,In Relationship,1,4,21.0,Medium
82,19,Female,Undergraduate,Azerbaijan,4.8,TikTok,Yes,5.7,6,Single,3,7,33.6,High
83,20,Male,Undergraduate,Cyprus,3.8,Facebook,No,6.6,7,Complicated,2,6,26.599999999999998,Medium
84,22,Female,Graduate,Malta,2.7,LinkedIn,No,7.2,8,In Relationship,1,4,18.900000000000002,Medium
85,18,Male,High School,Luxembourg,5.6,Snapchat,Yes,5.3,5,Single,4,8,39.199999999999996,High
86,21,Female,Undergraduate,Monaco,4.5,Instagram,Yes,5.8,6,Complicated,3,7,31.5,High
87,19,Male,High School,Andorra,5.3,TikTok,Yes,5.5,5,In Relationship,4,8,37.1,High
88,23,Female,Graduate,San Marino,2.6,LinkedIn,No,7.3,8,Single,1,4,18.2,Medium
89,20,Male,Undergraduate,Vatican City,4.4,YouTube,Yes,6.0,6,Complicated,3,7,30.800000000000004,High
90,18,Female,High School,Liechtenstein,5.8,Instagram,Yes,5.2,5,Single,4,9,40.6,High
91,22,Male,Graduate,Montenegro,2.9,Facebook,No,7.0,7,In Relationship,2,5,20.3,Medium
92,19,Female,Undergraduate,Albania,4.7,TikTok,Yes,5.8,6,Complicated,3,7,32.9,High
93,21,Male,Undergraduate,North Macedonia,3.7,Snapchat,No,6.5,7,Single,2,6,25.900000000000002,Medium
94,20,Female,High School,Kosovo,5.5,Instagram,Yes,5.4,5,In Relationship,4,8,38.5,High
95,23,Male,Graduate,Bosnia,2.4,LinkedIn,No,7.4,8,Complicated,1,4,16.8,Medium
96,19,Female,Undergraduate,Qatar,4.9,TikTok,Yes,5.7,6,Single,3,7,34.300000000000004,High
97,18,Male,High School,Kuwait,5.7,Snapchat,Yes,5.3,5,In Relationship,4,8,39.9,High
98,22,Female,Graduate,Bahrain,2.8,LinkedIn,No,7.1,8,Complicated,1,4,19.599999999999998,Medium
99,20,Male,Undergraduate,Oman,4.6,Instagram,Yes,5.9,6,Single,3,7,32.199999999999996,High
100,21,Female,Undergraduate,Jordan,5.4,TikTok,Yes,5.5,5,In Relationship,4,8,37.800000000000004,High
101,19,Male,High School,Lebanon,5.8,YouTube,Yes,5.2,5,Complicated,4,9,40.6,High
102,23,Female,Graduate,Iraq,2.5,LinkedIn,No,7.3,8,Single,1,4,17.5,Medium
103,20,Male,Undergraduate,Yemen,4.7,Facebook,Yes,5.8,6,In Relationship,3,7,32.9,High
104,18,Female,High School,Syria,5.6,Instagram,Yes,5.4,5,Single,4,8,39.199999999999996,High
105,22,Male,Graduate,Afghanistan,2.9,LinkedIn,No,7.0,7,Complicated,2,5,20.3,Medium
106,19,Female,Undergraduate,Pakistan,4.8,TikTok,Yes,5.7,6,In Relationship,3,7,33.6,High
107,21,Male,Undergraduate,Nepal,3.8,YouTube,No,6.6,7,Single,2,6,26.599999999999998,Medium
108,20,Female,High School,Bhutan,5.5,Snapchat,Yes,5.5,5,Complicated,4,8,38.5,High
109,23,Male,Graduate,Sri Lanka,2.6,LinkedIn,No,7.2,8,In Relationship,1,4,18.2,Medium
110,19,Female,Undergraduate,Maldives,4.9,Instagram,Yes,5.8,6,Single,3,7,34.300000000000004,High
111,20,Male,Undergraduate,Bangladesh,6.1,Instagram,Yes,6.2,5,Single,4,8,42.699999999999996,High
112,21,Female,Undergraduate,India,5.8,TikTok,Yes,5.9,6,In Relationship,3,7,40.6,High
113,19,Male,Undergraduate,Nepal,4.9,Facebook,No,7.1,7,Single,2,5,34.300000000000004,Medium
114,22,Female,Graduate,Pakistan,5.5,Instagram,Yes,6.0,5,Single,4,8,38.5,High
115,20,Male,Undergraduate,Sri Lanka,5.2,TikTok,Yes,6.3,6,In Relationship,3,7,36.4,High
116,19,Female,Undergraduate,Maldives,4.8,Instagram,No,7.2,8,Single,2,5,33.6,Medium
117,21,Male,Graduate,Bangladesh,6.0,Facebook,Yes,5.8,5,In Relationship,4,8,42.0,High
118,20,Female,Undergraduate,India,5.7,Instagram,Yes,6.1,6,Single,3,7,39.9,High
119,22,Male,Graduate,Nepal,4.7,TikTok,No,7.3,7,Single,2,5,32.9,Medium
120,19,Female,Undergraduate,Pakistan,5.4,Instagram,Yes,6.2,5,In Relationship,4,8,37.800000000000004,High
121,20,Male,Undergraduate,Sri Lanka,5.9,Facebook,Yes,5.9,6,Single,3,7,41.300000000000004,High
122,21,Female,Graduate,Maldives,4.6,Instagram,No,7.4,8,In Relationship,2,5,32.199999999999996,Medium
123,19,Male,Undergraduate,Bangladesh,5.3,TikTok,Yes,6.3,5,Single,4,8,37.1,High
124,22,Female,Graduate,India,5.8,Instagram,Yes,5.8,6,In Relationship,3,7,40.6,High
125,20,Male,Undergraduate,Nepal,4.5,Facebook,No,7.5,7,Single,2,5,31.5,Medium
126,21,Female,Graduate,Pakistan,5.2,Instagram,Yes,6.4,5,In Relationship,4,8,36.4,High
127,19,Male,Undergraduate,Sri Lanka,5.7,TikTok,Yes,5.7,6,Single,3,7,39.9,High
128,20,Female,Undergraduate,Maldives,4.4,Instagram,No,7.6,8,In Relationship,2,5,30.800000000000004,Medium
129,22,Male,Graduate,Bangladesh,5.1,Facebook,Yes,6.5,5,Single,4,8,35.699999999999996,High
130,21,Female,Graduate,India,5.6,Instagram,Yes,5.6,6,In Relationship,3,7,39.199999999999996,High
131,19,Male,Undergraduate,Nepal,4.3,TikTok,No,7.7,7,Single,2,5,30.099999999999998,Medium
132,20,Female,Undergraduate,Pakistan,5.0,Instagram,Yes,6.6,5,In Relationship,4,8,35.0,High
133,22,Male,Graduate,Sri Lanka,5.5,Facebook,Yes,5.5,6,Single,3,7,38.5,High
134,21,Female,Graduate,Maldives,4.2,Instagram,No,7.8,8,In Relationship,2,5,29.400000000000002,Medium
135,19,Male,Undergraduate,Bangladesh,4.9,TikTok,Yes,6.7,5,Single,4,8,34.300000000000004,High
136,20,Female,Undergraduate,India,5.4,Instagram,Yes,5.4,6,In Relationship,3,7,37.800000000000004,High
137,22,Male,Graduate,Nepal,4.1,Facebook,No,7.9,7,Single,2,5,28.699999999999996,Medium
138,21,Female,Graduate,Pakistan,4.8,Instagram,Yes,6.8,5,In Relationship,4,8,33.6,High
139,19,Male,Undergraduate,Sri Lanka,5.3,TikTok,Yes,5.3,6,Single,3,7,37.1,High
140,20,Female,Undergraduate,Maldives,4.0,Instagram,No,8.0,8,In Relationship,2,5,28.0,Medium
141,22,Male,Graduate,Bangladesh,4.7,Facebook,Yes,6.9,5,Single,4,8,32.9,High
142,21,Female,Graduate,India,5.2,Instagram,Yes,5.2,6,In Relationship,3,7,36.4,High
143,19,Male,Undergraduate,Nepal,3.9,TikTok,No,8.1,7,Single,2,5,27.3,Medium
144,20,Female,Undergraduate,Pakistan,4.6,Instagram,Yes,7.0,5,In Relationship,4,8,32.199999999999996,High
145,22,Male,Graduate,Sri Lanka,5.1,Facebook,Yes,5.1,6,Single,3,7,35.699999999999996,High
146,21,Female,Graduate,Maldives,3.8,Instagram,No,8.2,8,In Relationship,2,5,26.599999999999998,Medium
147,19,Male,Undergraduate,Bangladesh,4.5,TikTok,Yes,7.1,5,Single,4,8,31.5,High
148,20,Female,Undergraduate,India,5.0,Instagram,Yes,5.0,6,In Relationship,3,7,35.0,High
149,22,Male,Graduate,Nepal,3.7,Facebook,No,8.3,7,Single,2,5,25.900000000000002,Medium
150,21,Female,Graduate,Pakistan,4.4,Instagram,Yes,7.2,5,In Relationship,4,8,30.800000000000004,High
151,19,Male,Undergraduate,Sri Lanka,4.9,TikTok,Yes,4.9,6,Single,3,7,34.300000000000004,High
152,20,Female,Undergraduate,Maldives,3.6,Instagram,No,8.4,8,In Relationship,2,5,25.2,Medium
153,22,Male,Graduate,Bangladesh,4.3,Facebook,Yes,7.3,5,Single,4,8,30.099999999999998,High
154,21,Female,Graduate,India,4.8,Instagram,Yes,4.8,6,In Relationship,3,7,33.6,High
155,19,Male,Undergraduate,Nepal,3.5,TikTok,No,8.5,7,Single,2,5,24.5,Medium
156,20,Female,Undergraduate,Pakistan,4.2,Instagram,Yes,7.4,5,In Relationship,4,8,29.400000000000002,High
157,22,Male,Graduate,Sri Lanka,4.7,Facebook,Yes,4.7,6,Single,3,7,32.9,High
158,21,Female,Graduate,Maldives,3.4,Instagram,No,8.6,8,In Relationship,2,5,23.8,Medium
159,19,Male,Undergraduate,Bangladesh,4.1,TikTok,Yes,7.5,5,Single,4,8,28.699999999999996,High
160,20,Female,Undergraduate,India,4.6,Instagram,Yes,4.6,6,In Relationship,3,7,32.199999999999996,High
161,19,Female,Undergraduate,Bangladesh,5.3,Instagram,Yes,6.1,5,Single,3,7,37.1,High
162,21,Male,Graduate,India,4.8,Facebook,No,7.2,7,In Relationship,2,6,33.6,Medium
163,20,Female,Undergraduate,Nepal,5.5,TikTok,Yes,5.9,6,Single,4,8,38.5,High
164,22,Male,Graduate,Pakistan,4.7,Instagram,Yes,6.3,5,In Relationship,3,7,32.9,High
165,19,Female,Undergraduate,Sri Lanka,5.1,Facebook,No,7.0,7,Single,2,5,35.699999999999996,Medium
166,21,Male,Graduate,Maldives,5.4,TikTok,Yes,6.0,6,In Relationship,4,8,37.800000000000004,High
167,20,Female,Undergraduate,Bangladesh,4.9,Instagram,Yes,6.4,5,Single,3,7,34.300000000000004,High
168,22,Male,Graduate,India,5.2,Facebook,No,7.1,7,In Relationship,2,6,36.4,Medium
169,19,Female,Undergraduate,Nepal,5.6,TikTok,Yes,5.8,6,Single,4,8,39.199999999999996,High
170,21,Male,Graduate,Pakistan,4.6,Instagram,Yes,6.5,5,In Relationship,3,7,32.199999999999996,High
171,20,Female,Undergraduate,Sri Lanka,5.0,Facebook,No,7.3,7,Single,2,5,35.0,Medium
172,22,Male,Graduate,Maldives,5.3,TikTok,Yes,5.7,6,In Relationship,4,8,37.1,High
173,19,Female,Undergraduate,Bangladesh,4.8,Instagram,Yes,6.6,5,Single,3,7,33.6,High
174,21,Male,Graduate,India,5.1,Facebook,No,7.4,7,In Relationship,2,6,35.699999999999996,Medium
175,20,Female,Undergraduate,Nepal,5.7,TikTok,Yes,5.6,6,Single,4,8,39.9,High
176,22,Male,Graduate,Pakistan,4.5,Instagram,Yes,6.7,5,In Relationship,3,7,31.5,High
177,19,Female,Undergraduate,Sri Lanka,4.9,Facebook,No,7.5,7,Single,2,5,34.300000000000004,Medium
178,21,Male,Graduate,Maldives,5.2,TikTok,Yes,5.5,6,In Relationship,4,8,36.4,High
179,20,Female,Undergraduate,Bangladesh,4.7,Instagram,Yes,6.8,5,Single,3,7,32.9,High
180,22,Male,Graduate,India,5.0,Facebook,No,7.6,7,In Relationship,2,6,35.0,Medium
181,19,Female,Undergraduate,Nepal,5.8,TikTok,Yes,5.4,6,Single,4,8,40.6,High
182,21,Male,Graduate,Pakistan,4.4,Instagram,Yes,6.9,5,In Relationship,3,7,30.800000000000004,High
183,20,Female,Undergraduate,Sri Lanka,4.8,Facebook,No,7.7,7,Single,2,5,33.6,Medium
184,22,Male,Graduate,Maldives,5.1,TikTok,Yes,5.3,6,In Relationship,4,8,35.699999999999996,High
185,19,Female,Undergraduate,Bangladesh,4.6,Instagram,Yes,7.0,5,Single,3,7,32.199999999999996,High
186,21,Male,Graduate,India,4.9,Facebook,No,7.8,7,In Relationship,2,6,34.300000000000004,Medium
187,20,Female,Undergraduate,Nepal,5.9,TikTok,Yes,5.2,6,Single,4,8,41.300000000000004,High
188,22,Male,Graduate,Pakistan,4.3,Instagram,Yes,7.1,5,In Relationship,3,7,30.099999999999998,High
189,19,Female,Undergraduate,Sri Lanka,4.7,Facebook,No,7.9,7,Single,2,5,32.9,Medium
190,21,Male,Graduate,Maldives,5.0,TikTok,Yes,5.1,6,In Relationship,4,8,35.0,High
191,20,Female,Undergraduate,Bangladesh,4.5,Instagram,Yes,7.2,5,Single,3,7,31.5,High
192,22,Male,Graduate,India,4.8,Facebook,No,8.0,7,In Relationship,2,6,33.6,Medium
193,19,Female,Undergraduate,Nepal,6.0,TikTok,Yes,5.0,6,Single,4,8,42.0,High
194,21,Male,Graduate,Pakistan,4.2,Instagram,Yes,7.3,5,In Relationship,3,7,29.400000000000002,High
195,20,Female,Undergraduate,Sri Lanka,4.6,Facebook,No,8.1,7,Single,2,5,32.199999999999996,Medium
196,22,Male,Graduate,Maldives,4.9,TikTok,Yes,4.9,6,In Relationship,4,8,34.300000000000004,High
197,19,Female,Undergraduate,Bangladesh,4.4,Instagram,Yes,7.4,5,Single,3,7,30.800000000000004,High
198,21,Male,Graduate,India,4.7,Facebook,No,8.2,7,In Relationship,2,6,32.9,Medium
199,20,Female,Undergraduate,Nepal,6.1,TikTok,Yes,4.8,6,Single,4,8,42.699999999999996,High
200,22,Male,Graduate,Pakistan,4.1,Instagram,Yes,7.5,5,In Relationship,3,7,28.699999999999996,High
201,19,Female,Undergraduate,Sri Lanka,4.5,Facebook,No,8.3,7,Single,2,5,31.5,Medium
202,21,Male,Graduate,Maldives,4.8,TikTok,Yes,4.7,6,In Relationship,4,8,33.6,High
203,20,Female,Undergraduate,Bangladesh,4.3,Instagram,Yes,7.6,5,Single,3,7,30.099999999999998,High
204,22,Male,Graduate,India,4.6,Facebook,No,8.4,7,In Relationship,2,6,32.199999999999996,Medium
205,19,Female,Undergraduate,Nepal,6.2,TikTok,Yes,4.6,6,Single,4,8,43.4,High
206,21,Male,Graduate,Pakistan,4.0,Instagram,Yes,7.7,5,In Relationship,3,7,28.0,High
207,20,Female,Undergraduate,Sri Lanka,4.4,Facebook,No,8.5,7,Single,2,5,30.800000000000004,Medium
208,22,Male,Graduate,Maldives,4.7,TikTok,Yes,4.5,6,In Relationship,4,8,32.9,High
209,19,Female,Undergraduate,Bangladesh,4.2,Instagram,Yes,7.8,5,Single,3,7,29.400000000000002,High
210,21,Male,Graduate,India,4.5,Facebook,No,8.6,7,In Relationship,2,6,31.5,Medium
211,20,Female,Undergraduate,Nepal,6.3,TikTok,Yes,4.4,6,Single,4,8,44.1,High
212,22,Male,Graduate,Pakistan,3.9,Instagram,Yes,7.9,5,In Relationship,3,7,27.3,High
213,19,Female,Undergraduate,Sri Lanka,4.3,Facebook,No,8.7,7,Single,2,5,30.099999999999998,Medium
214,21,Male,Graduate,Maldives,4.6,TikTok,Yes,4.3,6,In Relationship,4,8,32.199999999999996,High
215,20,Female,Undergraduate,Bangladesh,4.1,Instagram,Yes,8.0,5,Single,3,7,28.699999999999996,High
216,22,Male,Graduate,India,4.4,Facebook,No,8.8,7,In Relationship,2,6,30.800000000000004,Medium
217,19,Female,Undergraduate,Nepal,6.4,TikTok,Yes,4.2,6,Single,4,8,44.800000000000004,High
218,21,Male,Graduate,Pakistan,3.8,Instagram,Yes,8.1,5,In Relationship,3,7,26.599999999999998,High
219,20,Female,Undergraduate,Sri Lanka,4.2,Facebook,No,8.9,7,Single,2,5,29.400000000000002,Medium
220,22,Male,Graduate,Maldives,4.5,TikTok,Yes,4.1,6,In Relationship,4,8,31.5,High
221,19,Female,Undergraduate,USA,6.5,Instagram,Yes,6.0,5,Single,4,9,45.5,High
222,21,Male,Graduate,UK,5.8,TikTok,Yes,6.5,6,In Relationship,3,7,40.6,High
223,20,Female,Undergraduate,Australia,4.5,Instagram,No,7.5,8,Single,2,5,31.5,Medium
224,22,Male,Graduate,Germany,4.2,Facebook,No,7.8,7,In Relationship,2,4,29.400000000000002,Medium
225,19,Female,Undergraduate,Japan,3.8,LINE,No,7.9,8,Single,1,3,26.599999999999998,Low
226,21,Male,Graduate,Italy,5.5,Instagram,Yes,6.8,6,Single,3,7,38.5,High
227,20,Female,Undergraduate,South Korea,5.2,KakaoTalk,Yes,6.5,6,In Relationship,3,6,36.4,Medium
228,22,Male,Graduate,Russia,4.8,VKontakte,No,7.2,7,Single,2,5,33.6,Medium
229,19,Female,Undergraduate,USA,7.0,TikTok,Yes,5.8,4,In Relationship,4,9,49.0,High
230,21,Male,Graduate,UK,5.5,Instagram,Yes,6.7,6,Single,3,7,38.5,High
231,20,Female,Undergraduate,Australia,4.7,Facebook,No,7.4,7,In Relationship,2,5,32.9,Medium
232,22,Male,Graduate,Germany,4.0,Instagram,No,7.9,8,Single,1,4,28.0,Medium
233,19,Female,Undergraduate,Japan,3.5,LINE,No,8.0,8,Single,1,3,24.5,Low
234,21,Male,Graduate,Italy,5.7,TikTok,Yes,6.5,5,In Relationship,3,8,39.9,High
235,20,Female,Undergraduate,South Korea,5.0,KakaoTalk,Yes,6.8,6,Single,3,6,35.0,Medium
236,22,Male,Graduate,Russia,4.5,VKontakte,No,7.4,7,In Relationship,2,5,31.5,Medium
237,19,Female,Undergraduate,USA,6.8,Instagram,Yes,5.9,4,Single,4,9,47.6,High
238,21,Male,Graduate,UK,5.6,Facebook,Yes,6.6,6,In Relationship,3,7,39.199999999999996,High
239,20,Female,Undergraduate,Australia,4.6,Instagram,No,7.3,7,Single,2,5,32.199999999999996,Medium
240,22,Male,Graduate,Germany,4.1,Facebook,No,7.7,8,In Relationship,2,4,28.699999999999996,Medium
241,19,Female,Undergraduate,Japan,3.7,LINE,No,7.8,8,Single,1,3,25.900000000000002,Low
242,21,Male,Graduate,Italy,5.4,Instagram,Yes,6.7,5,Single,3,7,37.800000000000004,High
243,20,Female,Undergraduate,South Korea,5.1,KakaoTalk,Yes,6.6,6,In Relationship,3,6,35.699999999999996,Medium
244,22,Male,Graduate,Russia,4.7,VKontakte,No,7.3,7,Single,2,5,32.9,Medium
245,19,Female,Undergraduate,USA,6.9,TikTok,Yes,5.7,4,In Relationship,4,9,48.300000000000004,High
246,21,Male,Graduate,UK,5.7,Instagram,Yes,6.4,6,Single,3,7,39.9,High
247,20,Female,Undergraduate,Australia,4.8,Facebook,No,7.2,7,In Relationship,2,5,33.6,Medium
248,22,Male,Graduate,Germany,3.9,Instagram,No,7.8,8,Single,1,4,27.3,Medium
249,19,Female,Undergraduate,Japan,3.6,LINE,No,8.1,8,Single,1,3,25.2,Low
250,21,Male,Graduate,Italy,5.6,TikTok,Yes,6.6,5,In Relationship,3,8,39.199999999999996,High
251,20,Female,Undergraduate,South Korea,4.9,KakaoTalk,Yes,6.9,6,Single,3,6,34.300000000000004,Medium
252,22,Male,Graduate,Russia,4.6,VKontakte,No,7.5,7,In Relationship,2,5,32.199999999999996,Medium
253,19,Female,Undergraduate,USA,6.7,Instagram,Yes,5.8,4,Single,4,9,46.9,High
254,21,Male,Graduate,UK,5.4,Facebook,Yes,6.5,6,In Relationship,3,7,37.800000000000004,High
255,20,Female,Undergraduate,Australia,4.4,Instagram,No,7.4,7,Single,2,5,30.800000000000004,Medium
256,22,Male,Graduate,Germany,4.0,Facebook,No,7.6,8,In Relationship,2,4,28.0,Medium
257,19,Female,Undergraduate,Japan,3.4,LINE,No,8.2,8,Single,1,3,23.8,Low
258,21,Male,Graduate,Italy,5.3,Instagram,Yes,6.8,5,Single,3,7,37.1,High
259,20,Female,Undergraduate,South Korea,5.0,KakaoTalk,Yes,6.7,6,In Relationship,3,6,35.0,Medium
260,22,Male,Graduate,Russia,4.4,VKontakte,No,7.6,7,Single,2,5,30.800000000000004,Medium
261,19,Female,Undergraduate,USA,6.6,TikTok,Yes,5.6,4,In Relationship,4,9,46.199999999999996,High
262,21,Male,Graduate,UK,5.3,Instagram,Yes,6.3,6,Single,3,7,37.1,High
263,20,Female,Undergraduate,Australia,4.3,Facebook,No,7.5,7,In Relationship,2,5,30.099999999999998,Medium
264,22,Male,Graduate,Germany,3.8,Instagram,No,7.7,8,Single,1,4,26.599999999999998,Medium
265,19,Female,Undergraduate,Japan,3.3,LINE,No,8.3,8,Single,1,3,23.099999999999998,Low
266,21,Male,Graduate,Italy,5.2,TikTok,Yes,6.9,5,In Relationship,3,8,36.4,High
267,20,Female,Undergraduate,South Korea,4.8,KakaoTalk,Yes,7.0,6,Single,3,6,33.6,Medium
268,22,Male,Graduate,Russia,4.3,VKontakte,No,7.7,7,In Relationship,2,5,30.099999999999998,Medium
269,19,Female,Undergraduate,USA,6.4,Instagram,Yes,5.7,4,Single,4,9,44.800000000000004,High
270,21,Male,Graduate,UK,5.2,Facebook,Yes,6.4,6,In Relationship,3,7,36.4,High
271,20,Female,Undergraduate,Australia,4.5,Instagram,No,7.3,7,Single,2,5,31.5,Medium
272,22,Male,Graduate,Germany,3.7,Facebook,No,7.8,8,In Relationship,1,4,25.900000000000002,Medium
273,19,Female,Undergraduate,Japan,3.2,LINE,No,8.4,8,Single,1,3,22.400000000000002,Low
274,21,Male,Graduate,Italy,5.4,Instagram,Yes,6.7,5,Single,3,7,37.800000000000004,High
275,20,Female,Undergraduate,South Korea,4.7,KakaoTalk,Yes,7.1,6,In Relationship,3,6,32.9,Medium
276,22,Male,Graduate,Russia,4.2,VKontakte,No,7.8,7,Single,2,5,29.400000000000002,Medium
277,19,Female,Undergraduate,USA,6.6,TikTok,Yes,5.5,4,In Relationship,4,9,46.199999999999996,High
278,21,Male,Graduate,UK,5.1,Instagram,Yes,6.5,6,Single,3,7,35.699999999999996,High
279,20,Female,Undergraduate,Australia,4.4,Facebook,No,7.4,7,In Relationship,2,5,30.800000000000004,Medium
280,22,Male,Graduate,Germany,3.6,Instagram,No,7.9,8,Single,1,4,25.2,Medium
281,19,Female,Undergraduate,Japan,3.1,LINE,No,8.5,8,Single,1,3,21.7,Low
282,21,Male,Graduate,Italy,5.3,TikTok,Yes,6.8,5,In Relationship,3,8,37.1,High
283,20,Female,Undergraduate,South Korea,4.6,KakaoTalk,Yes,7.2,6,Single,3,6,32.199999999999996,Medium
284,22,Male,Graduate,Russia,4.1,VKontakte,No,7.9,7,In Relationship,2,5,28.699999999999996,Medium
285,19,Female,Undergraduate,USA,6.7,Instagram,Yes,5.4,4,Single,4,9,46.9,High
286,21,Male,Graduate,UK,5.0,Facebook,Yes,6.6,6,In Relationship,3,7,35.0,High
287,20,Female,Undergraduate,Australia,4.3,Instagram,No,7.5,7,Single,2,5,30.099999999999998,Medium
288,22,Male,Graduate,Germany,3.5,Facebook,No,8.0,8,In Relationship,1,4,24.5,Medium
289,19,Female,Undergraduate,Japan,3.0,LINE,No,8.6,8,Single,1,3,21.0,Low
290,21,Male,Graduate,Italy,5.2,Instagram,Yes,6.9,5,Single,3,7,36.4,High
291,20,Female,Undergraduate,South Korea,4.5,KakaoTalk,Yes,7.3,6,In Relationship,3,6,31.5,Medium
292,22,Male,Graduate,Russia,4.0,VKontakte,No,8.0,7,Single,2,5,28.0,Medium
293,19,Female,Undergraduate,USA,6.8,TikTok,Yes,5.3,4,In Relationship,4,9,47.6,High
294,21,Male,Graduate,UK,4.9,Instagram,Yes,6.7,6,Single,3,7,34.300000000000004,High
295,20,Female,Undergraduate,Australia,4.2,Facebook,No,7.6,7,In Relationship,2,5,29.400000000000002,Medium
296,22,Male,Graduate,Germany,3.4,Instagram,No,8.1,8,Single,1,4,23.8,Medium
297,19,Female,Undergraduate,Japan,2.9,LINE,No,8.7,8,Single,1,3,20.3,Low
298,21,Male,Graduate,Italy,5.1,TikTok,Yes,7.0,5,In Relationship,3,8,35.699999999999996,High
299,20,Female,Undergraduate,South Korea,4.4,KakaoTalk,Yes,7.4,6,Single,3,6,30.800000000000004,Medium
300,22,Male,Graduate,Russia,3.9,VKontakte,No,8.1,7,In Relationship,2,5,27.3,Medium
301,19,Female,Undergraduate,USA,6.9,Instagram,Yes,5.2,4,Single,4,9,48.300000000000004,High
302,21,Male,Graduate,UK,4.8,Facebook,Yes,6.8,6,In Relationship,3,7,33.6,High
303,20,Female,Undergraduate,Australia,4.1,Instagram,No,7.7,7,Single,2,5,28.699999999999996,Medium
304,22,Male,Graduate,Germany,3.3,Facebook,No,8.2,8,In Relationship,1,4,23.099999999999998,Medium
305,19,Female,Undergraduate,Japan,2.8,LINE,No,8.8,8,Single,1,3,19.599999999999998,Low
306,21,Male,Graduate,Italy,5.0,Instagram,Yes,7.1,5,Single,3,7,35.0,High
307,20,Female,Undergraduate,South Korea,4.3,KakaoTalk,Yes,7.5,6,In Relationship,3,6,30.099999999999998,Medium
308,22,Male,Graduate,Russia,3.8,VKontakte,No,8.2,7,Single,2,5,26.599999999999998,Medium
309,19,Female,Undergraduate,USA,7.0,TikTok,Yes,5.1,4,In Relationship,4,9,49.0,High
310,21,Male,Graduate,UK,4.7,Instagram,Yes,6.9,6,Single,3,7,32.9,High
311,20,Female,Undergraduate,Australia,4.0,Facebook,No,7.8,7,In Relationship,2,5,28.0,Medium
312,22,Male,Graduate,Germany,3.2,Instagram,No,8.3,8,Single,1,4,22.400000000000002,Medium
313,19,Female,Undergraduate,Japan,2.7,LINE,No,8.9,8,Single,1,3,18.900000000000002,Low
314,21,Male,Graduate,Italy,4.9,TikTok,Yes,7.2,5,In Relationship,3,8,34.300000000000004,High
315,20,Female,Undergraduate,South Korea,4.2,KakaoTalk,Yes,7.6,6,Single,3,6,29.400000000000002,Medium
316,22,Male,Graduate,Russia,3.7,VKontakte,No,8.3,7,In Relationship,2,5,25.900000000000002,Medium
317,19,Female,Undergraduate,USA,7.1,Instagram,Yes,5.0,4,Single,4,9,49.699999999999996,High
318,21,Male,Graduate,UK,4.6,Facebook,Yes,7.0,6,In Relationship,3,7,32.199999999999996,High
319,20,Female,Undergraduate,Australia,3.9,Instagram,No,7.9,7,Single,2,5,27.3,Medium
320,22,Male,Graduate,Germany,3.1,Facebook,No,8.4,8,In Relationship,1,4,21.7,Medium
321,19,Female,Undergraduate,Spain,5.2,Instagram,Yes,6.8,6,Single,3,7,36.4,High
322,21,Male,Graduate,Denmark,4.1,Facebook,No,7.8,8,In Relationship,2,4,28.699999999999996,Medium
323,20,Female,Undergraduate,Ireland,5.0,Instagram,Yes,7.0,7,Single,3,6,35.0,Medium
324,22,Male,Graduate,India,5.8,WhatsApp,Yes,6.5,5,In Relationship,4,8,40.6,High
325,19,Female,Undergraduate,Switzerland,4.0,Instagram,No,7.9,8,Single,2,4,28.0,Medium
326,21,Male,Graduate,Turkey,5.5,Instagram,Yes,6.7,6,Single,3,7,38.5,High
327,20,Female,Undergraduate,USA,6.8,TikTok,Yes,5.5,5,In Relationship,4,9,47.6,High
328,22,Male,Graduate,Mexico,5.6,WhatsApp,Yes,6.6,6,Single,3,7,39.199999999999996,High
329,19,Female,Undergraduate,France,4.5,Instagram,No,7.5,7,In Relationship,2,5,31.5,Medium
330,21,Male,Graduate,Canada,5.3,Instagram,Yes,6.9,6,Single,3,7,37.1,High
331,20,Female,Undergraduate,Spain,5.1,TikTok,Yes,6.7,6,Single,3,7,35.699999999999996,High
332,22,Male,Graduate,Denmark,3.9,Facebook,No,7.9,8,In Relationship,2,4,27.3,Medium
333,19,Female,Undergraduate,Ireland,4.8,Instagram,Yes,7.1,7,Single,3,6,33.6,Medium
334,21,Male,Graduate,India,5.9,WhatsApp,Yes,6.4,5,In Relationship,4,8,41.300000000000004,High
335,20,Female,Undergraduate,Switzerland,3.8,Instagram,No,8.0,8,Single,2,4,26.599999999999998,Medium
336,22,Male,Graduate,Turkey,5.4,TikTok,Yes,6.8,6,Single,3,7,37.800000000000004,High
337,19,Female,Undergraduate,USA,6.9,Instagram,Yes,5.4,5,In Relationship,4,9,48.300000000000004,High
338,21,Male,Graduate,Mexico,5.7,WhatsApp,Yes,6.5,6,Single,3,7,39.9,High
339,20,Female,Undergraduate,France,4.4,Instagram,No,7.6,7,In Relationship,2,5,30.800000000000004,Medium
340,22,Male,Graduate,Canada,5.2,TikTok,Yes,7.0,6,Single,3,7,36.4,High
341,19,Female,Undergraduate,Spain,5.0,Instagram,Yes,6.9,6,Single,3,7,35.0,High
342,21,Male,Graduate,Denmark,3.8,Facebook,No,8.0,8,In Relationship,2,4,26.599999999999998,Medium
343,20,Female,Undergraduate,Ireland,4.7,TikTok,Yes,7.2,7,Single,3,6,32.9,Medium
344,22,Male,Graduate,India,6.0,WhatsApp,Yes,6.3,5,In Relationship,4,8,42.0,High
345,19,Female,Undergraduate,Switzerland,3.7,Instagram,No,8.1,8,Single,2,4,25.900000000000002,Medium
346,21,Male,Graduate,Turkey,5.3,Instagram,Yes,6.9,6,Single,3,7,37.1,High
347,20,Female,Undergraduate,USA,7.0,TikTok,Yes,5.3,5,In Relationship,4,9,49.0,High
348,22,Male,Graduate,Mexico,5.8,WhatsApp,Yes,6.4,6,Single,3,7,40.6,High
349,19,Female,Undergraduate,France,4.3,Instagram,No,7.7,7,In Relationship,2,5,30.099999999999998,Medium
350,21,Male,Graduate,Canada,5.1,Instagram,Yes,7.1,6,Single,3,7,35.699999999999996,High
351,20,Female,Undergraduate,Spain,4.9,TikTok,Yes,7.0,6,Single,3,7,34.300000000000004,High
352,22,Male,Graduate,Denmark,3.7,Facebook,No,8.1,8,In Relationship,2,4,25.900000000000002,Medium
353,19,Female,Undergraduate,Ireland,4.6,Instagram,Yes,7.3,7,Single,3,6,32.199999999999996,Medium
354,21,Male,Graduate,India,6.1,WhatsApp,Yes,6.2,5,In Relationship,4,8,42.699999999999996,High
355,20,Female,Undergraduate,Switzerland,3.6,Instagram,No,8.2,8,Single,2,4,25.2,Medium
356,22,Male,Graduate,Turkey,5.2,TikTok,Yes,7.0,6,Single,3,7,36.4,High
357,19,Female,Undergraduate,USA,7.1,Instagram,Yes,5.2,5,In Relationship,4,9,49.699999999999996,High
358,21,Male,Graduate,Mexico,5.9,WhatsApp,Yes,6.3,6,Single,3,7,41.300000000000004,High
359,20,Female,Undergraduate,France,4.2,Instagram,No,7.8,7,In Relationship,2,5,29.400000000000002,Medium
360,22,Male,Graduate,Canada,5.0,TikTok,Yes,7.2,6,Single,3,7,35.0,High
361,19,Female,Undergraduate,Spain,4.8,Instagram,Yes,7.1,6,Single,3,7,33.6,High
362,21,Male,Graduate,Denmark,3.6,Facebook,No,8.2,8,In Relationship,2,4,25.2,Medium
363,20,Female,Undergraduate,Ireland,4.5,TikTok,Yes,7.4,7,Single,3,6,31.5,Medium
364,22,Male,Graduate,India,6.2,WhatsApp,Yes,6.1,5,In Relationship,4,8,43.4,High
365,19,Female,Undergraduate,Switzerland,3.5,Instagram,No,8.3,8,Single,2,4,24.5,Medium
366,21,Male,Graduate,Turkey,5.1,Instagram,Yes,7.1,6,Single,3,7,35.699999999999996,High
367,20,Female,Undergraduate,USA,7.2,TikTok,Yes,5.1,5,In Relationship,4,9,50.4,High
368,22,Male,Graduate,Mexico,6.0,WhatsApp,Yes,6.2,6,Single,3,7,42.0,High
369,19,Female,Undergraduate,France,4.1,Instagram,No,7.9,7,In Relationship,2,5,28.699999999999996,Medium
370,21,Male,Graduate,Canada,4.9,Instagram,Yes,7.3,6,Single,3,7,34.300000000000004,High
371,20,Female,Undergraduate,Spain,4.7,TikTok,Yes,7.2,6,Single,3,7,32.9,High
372,22,Male,Graduate,Denmark,3.5,Facebook,No,8.3,8,In Relationship,2,4,24.5,Medium
373,19,Female,Undergraduate,Ireland,4.4,Instagram,Yes,7.5,7,Single,3,6,30.800000000000004,Medium
374,21,Male,Graduate,India,6.3,WhatsApp,Yes,6.0,5,In Relationship,4,8,44.1,High
375,20,Female,Undergraduate,Switzerland,3.4,Instagram,No,8.4,8,Single,2,4,23.8,Medium
376,22,Male,Graduate,Turkey,5.0,TikTok,Yes,7.2,6,Single,3,7,35.0,High
377,19,Female,Undergraduate,USA,7.3,Instagram,Yes,5.0,5,In Relationship,4,9,51.1,High
378,21,Male,Graduate,Mexico,6.1,WhatsApp,Yes,6.1,6,Single,3,7,42.699999999999996,High
379,20,Female,Undergraduate,France,4.0,Instagram,No,8.0,7,In Relationship,2,5,28.0,Medium
380,22,Male,Graduate,Canada,4.8,TikTok,Yes,7.4,6,Single,3,7,33.6,High
381,19,Female,Undergraduate,Spain,4.6,Instagram,Yes,7.3,6,Single,3,7,32.199999999999996,High
382,21,Male,Graduate,Denmark,3.4,Facebook,No,8.4,8,In Relationship,2,4,23.8,Medium
383,20,Female,Undergraduate,Ireland,4.3,TikTok,Yes,7.6,7,Single,3,6,30.099999999999998,Medium
384,22,Male,Graduate,India,6.4,WhatsApp,Yes,5.9,5,In Relationship,4,8,44.800000000000004,High
385,19,Female,Undergraduate,Switzerland,3.3,Instagram,No,8.5,8,Single,2,4,23.099999999999998,Medium
386,21,Male,Graduate,Turkey,4.9,Instagram,Yes,7.3,6,Single,3,7,34.300000000000004,High
387,20,Female,Undergraduate,USA,7.4,TikTok,Yes,4.9,5,In Relationship,4,9,51.800000000000004,High
388,22,Male,Graduate,Mexico,6.2,WhatsApp,Yes,6.0,6,Single,3,7,43.4,High
389,19,Female,Undergraduate,France,3.9,Instagram,No,8.1,7,In Relationship,2,5,27.3,Medium
390,21,Male,Graduate,Canada,4.7,Instagram,Yes,7.5,6,Single,3,7,32.9,High
391,20,Female,Undergraduate,Spain,4.5,TikTok,Yes,7.4,6,Single,3,7,31.5,High
392,22,Male,Graduate,Denmark,3.3,Facebook,No,8.5,8,In Relationship,2,4,23.099999999999998,Medium
393,19,Female,Undergraduate,Ireland,4.2,Instagram,Yes,7.7,7,Single,3,6,29.400000000000002,Medium
394,21,Male,Graduate,India,6.5,WhatsApp,Yes,5.8,5,In Relationship,4,8,45.5,High
395,20,Female,Undergraduate,Switzerland,3.2,Instagram,No,8.6,8,Single,2,4,22.400000000000002,Medium
396,22,Male,Graduate,Turkey,4.8,TikTok,Yes,7.4,6,Single,3,7,33.6,High
397,19,Female,Undergraduate,USA,7.5,Instagram,Yes,4.8,5,In Relationship,4,9,52.5,High
398,21,Male,Graduate,Mexico,6.3,WhatsApp,Yes,5.9,6,Single,3,7,44.1,High
399,20,Female,Undergraduate,France,3.8,Instagram,No,8.2,7,In Relationship,2,5,26.599999999999998,Medium
400,22,Male,Graduate,Canada,4.6,TikTok,Yes,7.6,6,Single,3,7,32.199999999999996,High
401,19,Female,Undergraduate,Spain,4.4,Instagram,Yes,7.5,6,Single,3,7,30.800000000000004,High
402,21,Male,Graduate,Denmark,3.2,Facebook,No,8.6,8,In Relationship,2,4,22.400000000000002,Medium
403,20,Female,Undergraduate,Ireland,4.1,TikTok,Yes,7.8,7,Single,3,6,28.699999999999996,Medium
404,22,Male,Graduate,India,6.6,WhatsApp,Yes,5.7,5,In Relationship,4,8,46.199999999999996,High
405,19,Female,Undergraduate,Switzerland,3.1,Instagram,No,8.7,8,Single,2,4,21.7,Medium
406,21,Male,Graduate,Turkey,4.7,Instagram,Yes,7.5,6,Single,3,7,32.9,High
407,20,Female,Undergraduate,USA,7.6,TikTok,Yes,4.7,5,In Relationship,4,9,53.199999999999996,High
408,22,Male,Graduate,Mexico,6.4,WhatsApp,Yes,5.8,6,Single,3,7,44.800000000000004,High
409,19,Female,Undergraduate,France,3.7,Instagram,No,8.3,7,In Relationship,2,5,25.900000000000002,Medium
410,21,Male,Graduate,Canada,4.5,Instagram,Yes,7.7,6,Single,3,7,31.5,High
411,20,Female,Undergraduate,Spain,4.3,TikTok,Yes,7.6,6,Single,3,7,30.099999999999998,High
412,22,Male,Graduate,Denmark,3.1,Facebook,No,8.7,8,In Relationship,2,4,21.7,Medium
413,19,Female,Undergraduate,Ireland,4.0,Instagram,Yes,7.9,7,Single,3,6,28.0,Medium
414,21,Male,Graduate,India,6.7,WhatsApp,Yes,5.6,5,In Relationship,4,8,46.9,High
415,20,Female,Undergraduate,Switzerland,3.0,Instagram,No,8.8,8,Single,2,4,21.0,Medium
416,22,Male,Graduate,Turkey,4.6,TikTok,Yes,7.6,6,Single,3,7,32.199999999999996,High
417,19,Female,Undergraduate,USA,7.7,Instagram,Yes,4.6,5,In Relationship,4,9,53.9,High
418,21,Male,Graduate,Mexico,6.5,WhatsApp,Yes,5.7,6,Single,3,7,45.5,High
419,20,Female,Undergraduate,France,3.6,Instagram,No,8.4,7,In Relationship,2,5,25.2,Medium
420,22,Male,Graduate,Canada,4.4,TikTok,Yes,7.8,6,Single,3,7,30.800000000000004,High
421,19,Female,Undergraduate,Spain,4.2,Instagram,Yes,7.7,6,Single,3,7,29.400000000000002,High
422,21,Male,Graduate,Denmark,3.0,Facebook,No,8.8,8,In Relationship,2,4,21.0,Medium
423,20,Female,Undergraduate,Ireland,3.9,TikTok,Yes,8.0,7,Single,3,6,27.3,Medium
424,22,Male,Graduate,India,6.8,WhatsApp,Yes,5.5,5,In Relationship,4,8,47.6,High
425,19,Female,Undergraduate,Switzerland,2.9,Instagram,No,8.9,8,Single,2,4,20.3,Medium
426,21,Male,Graduate,Turkey,4.5,Instagram,Yes,7.7,6,Single,3,7,31.5,High
427,20,Female,Undergraduate,USA,7.8,TikTok,Yes,4.5,5,In Relationship,4,9,54.6,High
428,22,Male,Graduate,Mexico,6.6,WhatsApp,Yes,5.6,6,Single,3,7,46.199999999999996,High
429,19,Female,Undergraduate,France,3.5,Instagram,No,8.5,7,In Relationship,2,5,24.5,Medium
430,21,Male,Graduate,Canada,4.3,Instagram,Yes,7.9,6,Single,3,7,30.099999999999998,High
431,20,Female,Undergraduate,Spain,4.1,TikTok,Yes,7.8,6,Single,3,7,28.699999999999996,High
432,22,Male,Graduate,Denmark,2.9,Facebook,No,8.9,8,In Relationship,2,4,20.3,Medium
433,19,Female,Undergraduate,Ireland,3.8,Instagram,Yes,8.1,7,Single,3,6,26.599999999999998,Medium
434,21,Male,Graduate,India,6.9,WhatsApp,Yes,5.4,5,In Relationship,4,8,48.300000000000004,High
435,20,Female,Undergraduate,Switzerland,2.8,Instagram,No,9.0,8,Single,2,4,19.599999999999998,Medium
436,22,Male,Graduate,Turkey,4.4,TikTok,Yes,7.8,6,Single,3,7,30.800000000000004,High
437,19,Female,Undergraduate,USA,7.9,Instagram,Yes,4.4,5,In Relationship,4,9,55.300000000000004,High
438,21,Male,Graduate,Mexico,6.7,WhatsApp,Yes,5.5,6,Single,3,7,46.9,High
439,20,Female,Undergraduate,France,3.4,Instagram,No,8.6,7,In Relationship,2,5,23.8,Medium
440,22,Male,Graduate,Canada,4.2,TikTok,Yes,8.0,6,Single,3,7,29.400000000000002,High
441,19,Female,Undergraduate,Spain,4.0,Instagram,Yes,7.9,6,Single,3,7,28.0,High
442,21,Male,Graduate,Denmark,2.8,Facebook,No,9.0,8,In Relationship,2,4,19.599999999999998,Medium
443,20,Female,Undergraduate,Ireland,3.7,TikTok,Yes,8.2,7,Single,3,6,25.900000000000002,Medium
444,22,Male,Graduate,India,7.0,WhatsApp,Yes,5.3,5,In Relationship,4,8,49.0,High
445,19,Female,Undergraduate,Switzerland,2.7,Instagram,No,9.1,8,Single,2,4,18.900000000000002,Medium
446,21,Male,Graduate,Turkey,4.3,Instagram,Yes,7.9,6,Single,3,7,30.099999999999998,High
447,20,Female,Undergraduate,USA,8.0,TikTok,Yes,4.3,5,In Relationship,4,9,56.0,High
448,22,Male,Graduate,Mexico,6.8,WhatsApp,Yes,5.4,6,Single,3,7,47.6,High
449,19,Female,Undergraduate,France,3.3,Instagram,No,8.7,7,In Relationship,2,5,23.099999999999998,Medium
450,21,Male,Graduate,Canada,4.1,Instagram,Yes,8.1,6,Single,3,7,28.699999999999996,High
451,20,Female,Undergraduate,Spain,3.9,TikTok,Yes,8.0,6,Single,3,7,27.3,High
452,22,Male,Graduate,Denmark,2.7,Facebook,No,9.1,8,In Relationship,2,4,18.900000000000002,Medium
453,19,Female,Undergraduate,Ireland,3.6,Instagram,Yes,8.3,7,Single,3,6,25.2,Medium
454,21,Male,Graduate,India,7.1,WhatsApp,Yes,5.2,5,In Relationship,4,8,49.699999999999996,High
455,20,Female,Undergraduate,Switzerland,2.6,Instagram,No,9.2,8,Single,2,4,18.2,Medium
456,22,Male,Graduate,Turkey,4.2,TikTok,Yes,8.0,6,Single,3,7,29.400000000000002,High
457,19,Female,Undergraduate,USA,8.1,Instagram,Yes,4.2,5,In Relationship,4,9,56.699999999999996,High
458,21,Male,Graduate,Mexico,6.9,WhatsApp,Yes,5.3,6,Single,3,7,48.300000000000004,High
459,20,Female,Undergraduate,France,3.2,Instagram,No,8.8,7,In Relationship,2,5,22.400000000000002,Medium
460,22,Male,Graduate,Canada,4.0,TikTok,Yes,8.2,6,Single,3,7,28.0,High
461,19,Female,Undergraduate,Spain,3.8,Instagram,Yes,8.1,6,Single,3,7,26.599999999999998,High
462,21,Male,Graduate,Denmark,2.6,Facebook,No,9.2,8,In Relationship,2,4,18.2,Medium
463,20,Female,Undergraduate,Ireland,3.5,TikTok,Yes,8.4,7,Single,3,6,24.5,Medium
464,22,Male,Graduate,India,7.2,WhatsApp,Yes,5.1,5,In Relationship,4,8,50.4,High
465,19,Female,Undergraduate,Switzerland,2.5,Instagram,No,9.3,8,Single,2,4,17.5,Medium
466,21,Male,Graduate,Turkey,4.1,Instagram,Yes,8.1,6,Single,3,7,28.699999999999996,High
467,20,Female,Undergraduate,USA,8.2,TikTok,Yes,4.1,5,In Relationship,4,9,57.39999999999999,High
468,22,Male,Graduate,Mexico,7.0,WhatsApp,Yes,5.2,6,Single,3,7,49.0,High
469,19,Female,Undergraduate,France,3.1,Instagram,No,8.9,7,In Relationship,2,5,21.7,Medium
470,21,Male,Graduate,Canada,3.9,Instagram,Yes,8.3,6,Single,3,7,27.3,High
471,20,Female,Undergraduate,Spain,3.7,TikTok,Yes,8.2,6,Single,3,7,25.900000000000002,High
472,22,Male,Graduate,Denmark,2.5,Facebook,No,9.3,8,In Relationship,2,4,17.5,Medium
473,19,Female,Undergraduate,Ireland,3.4,Instagram,Yes,8.5,7,Single,3,6,23.8,Medium
474,21,Male,Graduate,India,7.3,WhatsApp,Yes,5.0,5,In Relationship,4,8,51.1,High
475,20,Female,Undergraduate,Switzerland,2.4,Instagram,No,9.4,8,Single,2,4,16.8,Medium
476,22,Male,Graduate,Turkey,4.0,TikTok,Yes,8.2,6,Single,3,7,28.0,High
477,19,Female,Undergraduate,USA,8.3,Instagram,Yes,4.0,5,In Relationship,4,9,58.10000000000001,High
478,21,Male,Graduate,Mexico,7.1,WhatsApp,Yes,5.1,6,Single,3,7,49.699999999999996,High
479,20,Female,Undergraduate,France,3.0,Instagram,No,9.0,7,In Relationship,2,5,21.0,Medium
480,22,Male,Graduate,Canada,3.8,TikTok,Yes,8.4,6,Single,3,7,26.599999999999998,High
481,19,Female,Undergraduate,Spain,3.6,Instagram,Yes,8.3,6,Single,3,7,25.2,High
482,21,Male,Graduate,Denmark,2.4,Facebook,No,9.4,8,In Relationship,2,4,16.8,Medium
483,20,Female,Undergraduate,Ireland,3.3,TikTok,Yes,8.6,7,Single,3,6,23.099999999999998,Medium
484,22,Male,Graduate,India,7.4,WhatsApp,Yes,4.9,5,In Relationship,4,8,51.800000000000004,High
485,19,Female,Undergraduate,Switzerland,2.3,Instagram,No,9.5,8,Single,2,4,16.099999999999998,Medium
486,21,Male,Graduate,Turkey,3.9,Instagram,Yes,8.3,6,Single,3,7,27.3,High
487,20,Female,Undergraduate,USA,8.4,TikTok,Yes,3.9,5,In Relationship,4,9,58.800000000000004,High
488,22,Male,Graduate,Mexico,7.2,WhatsApp,Yes,5.0,6,Single,3,7,50.4,High
489,19,Female,Undergraduate,France,2.9,Instagram,No,9.1,7,In Relationship,2,5,20.3,Medium
490,21,Male,Graduate,Canada,3.7,Instagram,Yes,8.5,6,Single,3,7,25.900000000000002,High
491,20,Female,Undergraduate,Spain,3.5,TikTok,Yes,8.4,6,Single,3,7,24.5,High
492,22,Male,Graduate,Denmark,2.3,Facebook,No,9.5,8,In Relationship,2,4,16.099999999999998,Medium
493,19,Female,Undergraduate,Ireland,3.2,Instagram,Yes,8.7,7,Single,3,6,22.400000000000002,Medium
494,21,Male,Graduate,India,7.5,WhatsApp,Yes,4.8,5,In Relationship,4,8,52.5,High
495,20,Female,Undergraduate,Switzerland,2.2,Instagram,No,9.6,8,Single,2,4,15.400000000000002,Medium
496,22,Male,Graduate,Turkey,3.8,TikTok,Yes,8.4,6,Single,3,7,26.599999999999998,High
497,19,Female,Undergraduate,USA,8.5,Instagram,Yes,3.8,5,In Relationship,4,9,59.5,High
498,21,Male,Graduate,Mexico,7.3,WhatsApp,Yes,4.9,6,Single,3,7,51.1,High
499,20,Female,Undergraduate,France,2.8,Instagram,No,9.2,7,In Relationship,2,5,19.599999999999998,Medium
500,22,Male,Graduate,Canada,3.6,TikTok,Yes,8.6,6,Single,3,7,25.2,High
501,19,Female,Undergraduate,Brazil,6.2,WhatsApp,Yes,6.3,6,Single,3,7,43.4,High
502,21,Male,Graduate,China,4.5,WeChat,No,7.8,7,In Relationship,2,5,31.5,Medium
503,20,Female,Undergraduate,Netherlands,3.8,Instagram,No,8.2,8,Single,2,4,26.599999999999998,Medium
504,22,Male,Graduate,New Zealand,4.7,Instagram,Yes,7.5,7,In Relationship,3,6,32.9,Medium
505,19,Female,Undergraduate,Singapore,5.1,TikTok,Yes,7.0,6,Single,3,7,35.699999999999996,High
506,21,Male,Graduate,Malaysia,5.5,WhatsApp,Yes,6.8,6,Single,3,7,38.5,High
507,20,Female,Undergraduate,UAE,6.5,Instagram,Yes,6.5,5,In Relationship,4,8,45.5,High
508,22,Male,Graduate,Poland,4.2,Facebook,No,7.9,7,Single,2,5,29.400000000000002,Medium
509,19,Female,Undergraduate,India,6.8,WhatsApp,Yes,6.0,5,In Relationship,4,8,47.6,High
510,21,Male,Graduate,Canada,4.8,Instagram,Yes,7.4,7,Single,3,6,33.6,Medium
511,20,Female,Undergraduate,Brazil,6.1,Instagram,Yes,6.4,6,Single,3,7,42.699999999999996,High
512,22,Male,Graduate,China,4.4,WeChat,No,7.9,7,In Relationship,2,5,30.800000000000004,Medium
513,19,Female,Undergraduate,Netherlands,3.7,TikTok,No,8.3,8,Single,2,4,25.900000000000002,Medium
514,21,Male,Graduate,New Zealand,4.6,Instagram,Yes,7.6,7,In Relationship,3,6,32.199999999999996,Medium
515,20,Female,Undergraduate,Singapore,5.2,TikTok,Yes,6.9,6,Single,3,7,36.4,High
516,22,Male,Graduate,Malaysia,5.6,WhatsApp,Yes,6.7,6,Single,3,7,39.199999999999996,High
517,19,Female,Undergraduate,UAE,6.6,Instagram,Yes,6.4,5,In Relationship,4,8,46.199999999999996,High
518,21,Male,Graduate,Poland,4.1,Facebook,No,8.0,7,Single,2,5,28.699999999999996,Medium
519,20,Female,Undergraduate,India,6.9,WhatsApp,Yes,5.9,5,In Relationship,4,8,48.300000000000004,High
520,22,Male,Graduate,Canada,4.7,TikTok,Yes,7.5,7,Single,3,6,32.9,Medium
521,19,Female,Undergraduate,Brazil,6.0,WhatsApp,Yes,6.5,6,Single,3,7,42.0,High
522,21,Male,Graduate,China,4.3,WeChat,No,8.0,7,In Relationship,2,5,30.099999999999998,Medium
523,20,Female,Undergraduate,Netherlands,3.6,Instagram,No,8.4,8,Single,2,4,25.2,Medium
524,22,Male,Graduate,New Zealand,4.5,Facebook,Yes,7.7,7,In Relationship,3,6,31.5,Medium
525,19,Female,Undergraduate,Singapore,5.3,TikTok,Yes,6.8,6,Single,3,7,37.1,High
526,21,Male,Graduate,Malaysia,5.7,WhatsApp,Yes,6.6,6,Single,3,7,39.9,High
527,20,Female,Undergraduate,UAE,6.7,Instagram,Yes,6.3,5,In Relationship,4,8,46.9,High
528,22,Male,Graduate,Poland,4.0,Facebook,No,8.1,7,Single,2,5,28.0,Medium
529,19,Female,Undergraduate,India,7.0,WhatsApp,Yes,5.8,5,In Relationship,4,8,49.0,High
530,21,Male,Graduate,Canada,4.6,Instagram,Yes,7.6,7,Single,3,6,32.199999999999996,Medium
531,20,Female,Undergraduate,Brazil,5.9,TikTok,Yes,6.6,6,Single,3,7,41.300000000000004,High
532,22,Male,Graduate,China,4.2,WeChat,No,8.1,7,In Relationship,2,5,29.400000000000002,Medium
533,19,Female,Undergraduate,Netherlands,3.5,Instagram,No,8.5,8,Single,2,4,24.5,Medium
534,21,Male,Graduate,New Zealand,4.4,Facebook,Yes,7.8,7,In Relationship,3,6,30.800000000000004,Medium
535,20,Female,Undergraduate,Singapore,5.4,TikTok,Yes,6.7,6,Single,3,7,37.800000000000004,High
536,22,Male,Graduate,Malaysia,5.8,WhatsApp,Yes,6.5,6,Single,3,7,40.6,High
537,19,Female,Undergraduate,UAE,6.8,Instagram,Yes,6.2,5,In Relationship,4,8,47.6,High
538,21,Male,Graduate,Poland,3.9,Facebook,No,8.2,7,Single,2,5,27.3,Medium
539,20,Female,Undergraduate,India,7.1,WhatsApp,Yes,5.7,5,In Relationship,4,8,49.699999999999996,High
540,22,Male,Graduate,Canada,4.5,TikTok,Yes,7.7,7,Single,3,6,31.5,Medium
541,19,Female,Undergraduate,Brazil,5.8,WhatsApp,Yes,6.7,6,Single,3,7,40.6,High
542,21,Male,Graduate,China,4.1,WeChat,No,8.2,7,In Relationship,2,5,28.699999999999996,Medium
543,20,Female,Undergraduate,Netherlands,3.4,Instagram,No,8.6,8,Single,2,4,23.8,Medium
544,22,Male,Graduate,New Zealand,4.3,Instagram,Yes,7.9,7,In Relationship,3,6,30.099999999999998,Medium
545,19,Female,Undergraduate,Singapore,5.5,TikTok,Yes,6.6,6,Single,3,7,38.5,High
546,21,Male,Graduate,Malaysia,5.9,WhatsApp,Yes,6.4,6,Single,3,7,41.300000000000004,High
547,20,Female,Undergraduate,UAE,6.9,Instagram,Yes,6.1,5,In Relationship,4,8,48.300000000000004,High
548,22,Male,Graduate,Poland,3.8,Facebook,No,8.3,7,Single,2,5,26.599999999999998,Medium
549,19,Female,Undergraduate,India,7.2,WhatsApp,Yes,5.6,5,In Relationship,4,8,50.4,High
550,21,Male,Graduate,Canada,4.4,Instagram,Yes,7.8,7,Single,3,6,30.800000000000004,Medium
551,20,Female,Undergraduate,Brazil,5.7,TikTok,Yes,6.8,6,Single,3,7,39.9,High
552,22,Male,Graduate,China,4.0,WeChat,No,8.3,7,In Relationship,2,5,28.0,Medium
553,19,Female,Undergraduate,Netherlands,3.3,Instagram,No,8.7,8,Single,2,4,23.099999999999998,Medium
554,21,Male,Graduate,New Zealand,4.2,Facebook,Yes,8.0,7,In Relationship,3,6,29.400000000000002,Medium
555,20,Female,Undergraduate,Singapore,5.6,TikTok,Yes,6.5,6,Single,3,7,39.199999999999996,High
556,22,Male,Graduate,Malaysia,6.0,WhatsApp,Yes,6.3,6,Single,3,7,42.0,High
557,19,Female,Undergraduate,UAE,7.0,Instagram,Yes,6.0,5,In Relationship,4,8,49.0,High
558,21,Male,Graduate,Poland,3.7,Facebook,No,8.4,7,Single,2,5,25.900000000000002,Medium
559,20,Female,Undergraduate,India,7.3,WhatsApp,Yes,5.5,5,In Relationship,4,8,51.1,High
560,22,Male,Graduate,Canada,4.3,TikTok,Yes,7.9,7,Single,3,6,30.099999999999998,Medium
561,19,Female,Undergraduate,Brazil,5.6,WhatsApp,Yes,6.9,6,Single,3,7,39.199999999999996,High
562,21,Male,Graduate,China,3.9,WeChat,No,8.4,7,In Relationship,2,5,27.3,Medium
563,20,Female,Undergraduate,Netherlands,3.2,Instagram,No,8.8,8,Single,2,4,22.400000000000002,Medium
564,22,Male,Graduate,New Zealand,4.1,Instagram,Yes,8.1,7,In Relationship,3,6,28.699999999999996,Medium
565,19,Female,Undergraduate,Singapore,5.7,TikTok,Yes,6.4,6,Single,3,7,39.9,High
566,21,Male,Graduate,Malaysia,6.1,WhatsApp,Yes,6.2,6,Single,3,7,42.699999999999996,High
567,20,Female,Undergraduate,UAE,7.1,Instagram,Yes,5.9,5,In Relationship,4,8,49.699999999999996,High
568,22,Male,Graduate,Poland,3.6,Facebook,No,8.5,7,Single,2,5,25.2,Medium
569,19,Female,Undergraduate,India,7.4,WhatsApp,Yes,5.4,5,In Relationship,4,8,51.800000000000004,High
570,21,Male,Graduate,Canada,4.2,Instagram,Yes,8.0,7,Single,3,6,29.400000000000002,Medium
571,20,Female,Undergraduate,Spain,6.1,Instagram,Yes,7.2,5,Single,4,7,42.699999999999996,High
572,23,Male,Graduate,Denmark,3.8,Twitter,No,7.8,8,In Relationship,2,4,26.599999999999998,Medium
573,19,Female,Undergraduate,Ireland,5.5,TikTok,Yes,6.8,6,Single,4,8,38.5,High
574,22,Male,Graduate,India,7.2,Facebook,Yes,5.9,4,Single,5,9,50.4,High
575,21,Female,Undergraduate,Switzerland,4.2,Instagram,No,7.5,7,In Relationship,2,5,29.400000000000002,Medium
576,24,Male,Graduate,Turkey,6.8,TikTok,Yes,6.2,5,Single,4,8,47.6,High
577,20,Female,Undergraduate,USA,5.9,Instagram,Yes,6.7,6,In Relationship,3,7,41.300000000000004,High
578,22,Male,Graduate,Mexico,6.5,Facebook,Yes,6.1,5,Single,4,8,45.5,High
579,19,Female,Undergraduate,France,4.7,Twitter,No,7.4,7,Single,2,5,32.9,Medium
580,23,Male,Graduate,Canada,5.2,Instagram,Yes,7.0,6,In Relationship,3,6,36.4,Medium
581,21,Female,Undergraduate,UK,6.3,TikTok,Yes,6.4,5,Single,4,8,44.1,High
582,24,Male,Graduate,Italy,4.9,Facebook,No,7.3,7,In Relationship,2,5,34.300000000000004,Medium
583,20,Female,Undergraduate,Russia,6.7,Instagram,Yes,6.0,5,Single,4,8,46.9,High
584,22,Male,Graduate,China,5.8,WeChat,Yes,6.5,6,In Relationship,3,7,40.6,High
585,19,Female,Undergraduate,Japan,4.5,Twitter,No,7.6,8,Single,2,4,31.5,Medium
586,23,Male,Graduate,Poland,6.4,Facebook,Yes,6.3,5,Single,4,8,44.800000000000004,High
587,21,Female,Undergraduate,Finland,4.1,Instagram,No,7.7,7,In Relationship,2,5,28.699999999999996,Medium
588,24,Male,Graduate,Spain,6.6,TikTok,Yes,6.2,5,Single,4,8,46.199999999999996,High
589,20,Female,Undergraduate,Denmark,4.4,Instagram,No,7.4,7,In Relationship,2,5,30.800000000000004,Medium
590,22,Male,Graduate,Ireland,5.7,Twitter,Yes,6.8,6,Single,3,7,39.9,High
591,19,Female,Undergraduate,India,7.0,Instagram,Yes,5.8,4,Single,5,9,49.0,High
592,23,Male,Graduate,Switzerland,4.3,Facebook,No,7.5,7,In Relationship,2,5,30.099999999999998,Medium
593,21,Female,Undergraduate,Turkey,6.9,TikTok,Yes,6.1,5,Single,4,8,48.300000000000004,High
594,24,Male,Graduate,USA,5.6,Instagram,Yes,6.9,6,In Relationship,3,7,39.199999999999996,High
595,20,Female,Undergraduate,Mexico,6.2,Facebook,Yes,6.3,5,Single,4,8,43.4,High
596,21,Male,Undergraduate,France,5.8,Instagram,Yes,6.7,6,Single,3,7,40.6,High
597,23,Female,Graduate,Canada,4.9,TikTok,No,7.3,7,In Relationship,2,5,34.300000000000004,Medium
598,20,Male,Undergraduate,UK,6.4,Facebook,Yes,6.2,5,Single,4,8,44.800000000000004,High
599,22,Female,Graduate,Italy,5.1,Twitter,No,7.1,7,In Relationship,2,5,35.699999999999996,Medium
600,19,Male,Undergraduate,Russia,6.7,Instagram,Yes,6.0,4,Single,4,8,46.9,High
601,24,Female,Graduate,China,5.5,WeChat,Yes,6.8,6,In Relationship,3,7,38.5,High
602,21,Male,Undergraduate,Japan,4.3,Twitter,No,7.6,8,Single,2,4,30.099999999999998,Medium
603,23,Female,Graduate,Poland,6.2,Instagram,Yes,6.4,5,Single,4,8,43.4,High
604,20,Male,Undergraduate,Finland,4.5,Facebook,No,7.4,7,In Relationship,2,5,31.5,Medium
605,22,Female,Graduate,Spain,6.3,TikTok,Yes,6.3,5,Single,4,8,44.1,High
606,19,Male,Undergraduate,Denmark,4.7,Instagram,No,7.2,7,In Relationship,2,5,32.9,Medium
607,24,Female,Graduate,Ireland,5.9,Twitter,Yes,6.6,6,Single,3,7,41.300000000000004,High
608,21,Male,Undergraduate,India,7.1,Facebook,Yes,5.7,4,Single,5,9,49.699999999999996,High
609,23,Female,Graduate,Switzerland,4.4,Instagram,No,7.4,7,In Relationship,2,5,30.800000000000004,Medium
610,20,Male,Undergraduate,Turkey,6.6,TikTok,Yes,6.2,5,Single,4,8,46.199999999999996,High
611,22,Female,Graduate,USA,5.4,Instagram,Yes,6.9,6,In Relationship,3,7,37.800000000000004,High
612,19,Male,Undergraduate,Mexico,6.5,Facebook,Yes,6.1,5,Single,4,8,45.5,High
613,24,Female,Graduate,France,4.8,Twitter,No,7.3,7,In Relationship,2,5,33.6,Medium
614,21,Male,Undergraduate,Canada,5.7,Instagram,Yes,6.7,6,Single,3,7,39.9,High
615,23,Female,Graduate,UK,6.1,TikTok,Yes,6.4,5,Single,4,8,42.699999999999996,High
616,20,Male,Undergraduate,Italy,4.6,Facebook,No,7.2,7,In Relationship,2,5,32.199999999999996,Medium
617,22,Female,Graduate,Russia,6.8,Instagram,Yes,5.9,4,Single,5,9,47.6,High
618,19,Male,Undergraduate,China,5.6,WeChat,Yes,6.8,6,In Relationship,3,7,39.199999999999996,High
619,24,Female,Graduate,Japan,4.2,Twitter,No,7.5,8,Single,2,4,29.400000000000002,Medium
620,21,Male,Undergraduate,Poland,6.3,TikTok,Yes,6.3,5,Single,4,8,44.1,High
621,23,Female,Graduate,Finland,4.4,Instagram,No,7.4,7,In Relationship,2,5,30.800000000000004,Medium
622,20,Male,Undergraduate,Spain,6.5,Facebook,Yes,6.2,5,Single,4,8,45.5,High
623,22,Female,Graduate,Denmark,4.6,Twitter,No,7.3,7,In Relationship,2,5,32.199999999999996,Medium
624,19,Male,Undergraduate,Ireland,5.8,Instagram,Yes,6.6,6,Single,3,7,40.6,High
625,24,Female,Graduate,India,7.0,TikTok,Yes,5.8,4,Single,5,9,49.0,High
626,21,Male,Undergraduate,Switzerland,4.5,Facebook,No,7.3,7,In Relationship,2,5,31.5,Medium
627,23,Female,Graduate,Turkey,6.7,Instagram,Yes,6.1,5,Single,4,8,46.9,High
628,20,Male,Undergraduate,USA,5.5,Twitter,Yes,6.8,6,In Relationship,3,7,38.5,High
629,22,Female,Graduate,Mexico,6.4,Facebook,Yes,6.2,5,Single,4,8,44.800000000000004,High
630,19,Male,Undergraduate,France,4.7,Instagram,No,7.2,7,In Relationship,2,5,32.9,Medium
631,24,Female,Graduate,Canada,5.6,TikTok,Yes,6.7,6,Single,3,7,39.199999999999996,High
632,21,Male,Undergraduate,UK,6.2,Facebook,Yes,6.3,5,Single,4,8,43.4,High
633,23,Female,Graduate,Italy,4.8,Twitter,No,7.1,7,In Relationship,2,5,33.6,Medium
634,20,Male,Undergraduate,Russia,6.9,Instagram,Yes,5.9,4,Single,5,9,48.300000000000004,High
635,22,Female,Graduate,China,5.7,WeChat,Yes,6.7,6,In Relationship,3,7,39.9,High
636,19,Male,Undergraduate,Japan,4.4,Twitter,No,7.4,8,Single,2,4,30.800000000000004,Medium
637,24,Female,Graduate,Poland,6.1,TikTok,Yes,6.4,5,Single,4,8,42.699999999999996,High
638,21,Male,Undergraduate,Finland,4.3,Instagram,No,7.5,7,In Relationship,2,5,30.099999999999998,Medium
639,23,Female,Graduate,Spain,6.4,Facebook,Yes,6.2,5,Single,4,8,44.800000000000004,High
640,20,Male,Undergraduate,Denmark,4.5,Twitter,No,7.3,7,In Relationship,2,5,31.5,Medium
641,22,Female,Graduate,Ireland,5.9,Instagram,Yes,6.5,6,Single,3,7,41.300000000000004,High
642,19,Male,Undergraduate,India,7.2,TikTok,Yes,5.7,4,Single,5,9,50.4,High
643,24,Female,Graduate,Switzerland,4.6,Facebook,No,7.2,7,In Relationship,2,5,32.199999999999996,Medium
644,21,Male,Undergraduate,Turkey,6.8,Instagram,Yes,6.0,5,Single,4,8,47.6,High
645,23,Female,Graduate,USA,5.3,Twitter,Yes,6.8,6,In Relationship,3,7,37.1,High
646,22,Male,Graduate,Mexico,6.3,Facebook,Yes,6.2,5,Single,4,8,44.1,High
647,20,Female,Undergraduate,France,4.8,Instagram,No,7.1,7,In Relationship,2,5,33.6,Medium
648,23,Male,Graduate,Canada,5.7,TikTok,Yes,6.6,6,Single,3,7,39.9,High
649,21,Female,Undergraduate,UK,6.2,Twitter,Yes,6.3,5,Single,4,8,43.4,High
650,24,Male,Graduate,Italy,4.7,Facebook,No,7.2,7,In Relationship,2,5,32.9,Medium
651,19,Female,Undergraduate,Russia,6.8,Instagram,Yes,5.9,4,Single,5,9,47.6,High
652,22,Male,Graduate,China,5.6,WeChat,Yes,6.7,6,In Relationship,3,7,39.199999999999996,High
653,20,Female,Undergraduate,Japan,4.3,Twitter,No,7.5,8,Single,2,4,30.099999999999998,Medium
654,23,Male,Graduate,Poland,6.2,TikTok,Yes,6.3,5,Single,4,8,43.4,High
655,21,Female,Undergraduate,Finland,4.4,Instagram,No,7.4,7,In Relationship,2,5,30.800000000000004,Medium
656,24,Male,Graduate,Spain,6.5,Facebook,Yes,6.1,5,Single,4,8,45.5,High
657,19,Female,Undergraduate,Denmark,4.6,Twitter,No,7.3,7,In Relationship,2,5,32.199999999999996,Medium
658,22,Male,Graduate,Ireland,5.8,Instagram,Yes,6.6,6,Single,3,7,40.6,High
659,20,Female,Undergraduate,India,7.1,TikTok,Yes,5.8,4,Single,5,9,49.699999999999996,High
660,23,Male,Graduate,Switzerland,4.5,Facebook,No,7.3,7,In Relationship,2,5,31.5,Medium
661,21,Female,Undergraduate,Turkey,6.7,Instagram,Yes,6.0,5,Single,4,8,46.9,High
662,24,Male,Graduate,USA,5.4,Twitter,Yes,6.8,6,In Relationship,3,7,37.800000000000004,High
663,19,Female,Undergraduate,Mexico,6.4,TikTok,Yes,6.2,5,Single,4,8,44.800000000000004,High
664,22,Male,Graduate,France,4.7,Facebook,No,7.2,7,In Relationship,2,5,32.9,Medium
665,20,Female,Undergraduate,Canada,5.6,Instagram,Yes,6.7,6,Single,3,7,39.199999999999996,High
666,23,Male,Graduate,UK,6.3,Twitter,Yes,6.2,5,Single,4,8,44.1,High
667,21,Female,Undergraduate,Italy,4.8,TikTok,No,7.1,7,In Relationship,2,5,33.6,Medium
668,24,Male,Graduate,Russia,6.9,Instagram,Yes,5.9,4,Single,5,9,48.300000000000004,High
669,19,Female,Undergraduate,China,5.7,WeChat,Yes,6.7,6,In Relationship,3,7,39.9,High
670,22,Male,Graduate,Japan,4.4,Twitter,No,7.4,8,Single,2,4,30.800000000000004,Medium
671,20,Female,Undergraduate,Poland,6.1,Facebook,Yes,6.4,5,Single,4,8,42.699999999999996,High
672,23,Male,Graduate,Finland,4.3,Instagram,No,7.5,7,In Relationship,2,5,30.099999999999998,Medium
673,21,Female,Undergraduate,Spain,6.4,TikTok,Yes,6.2,5,Single,4,8,44.800000000000004,High
674,24,Male,Graduate,Denmark,4.5,Twitter,No,7.3,7,In Relationship,2,5,31.5,Medium
675,19,Female,Undergraduate,Ireland,5.9,Instagram,Yes,6.5,6,Single,3,7,41.300000000000004,High
676,22,Male,Graduate,India,7.2,Facebook,Yes,5.7,4,Single,5,9,50.4,High
677,20,Female,Undergraduate,Switzerland,4.6,TikTok,No,7.2,7,In Relationship,2,5,32.199999999999996,Medium
678,23,Male,Graduate,Turkey,6.8,Instagram,Yes,6.0,5,Single,4,8,47.6,High
679,21,Female,Undergraduate,USA,5.3,Twitter,Yes,6.8,6,In Relationship,3,7,37.1,High
680,24,Male,Graduate,Mexico,6.2,Facebook,Yes,6.3,5,Single,4,8,43.4,High
681,19,Female,Undergraduate,France,4.7,Instagram,No,7.2,7,In Relationship,2,5,32.9,Medium
682,22,Male,Graduate,Canada,5.8,TikTok,Yes,6.6,6,Single,3,7,40.6,High
683,20,Female,Undergraduate,UK,6.1,Twitter,Yes,6.4,5,Single,4,8,42.699999999999996,High
684,23,Male,Graduate,Italy,4.8,Facebook,No,7.1,7,In Relationship,2,5,33.6,Medium
685,21,Female,Undergraduate,Russia,6.7,Instagram,Yes,6.0,4,Single,5,9,46.9,High
686,24,Male,Graduate,China,5.5,WeChat,Yes,6.8,6,In Relationship,3,7,38.5,High
687,19,Female,Undergraduate,Japan,4.2,Twitter,No,7.5,8,Single,2,4,29.400000000000002,Medium
688,22,Male,Graduate,Poland,6.3,TikTok,Yes,6.2,5,Single,4,8,44.1,High
689,20,Female,Undergraduate,Finland,4.4,Instagram,No,7.4,7,In Relationship,2,5,30.800000000000004,Medium
690,23,Male,Graduate,Spain,6.5,Facebook,Yes,6.1,5,Single,4,8,45.5,High
691,21,Female,Undergraduate,Denmark,4.6,Twitter,No,7.3,7,In Relationship,2,5,32.199999999999996,Medium
692,24,Male,Graduate,Ireland,5.9,Instagram,Yes,6.5,6,Single,3,7,41.300000000000004,High
693,19,Female,Undergraduate,India,7.0,TikTok,Yes,5.8,4,Single,5,9,49.0,High
694,22,Male,Graduate,Switzerland,4.5,Facebook,No,7.3,7,In Relationship,2,5,31.5,Medium
695,20,Female,Undergraduate,Turkey,6.6,Instagram,Yes,6.1,5,Single,4,8,46.199999999999996,High
696,23,Male,Graduate,USA,5.5,Twitter,Yes,6.7,6,In Relationship,3,7,38.5,High
697,21,Female,Undergraduate,Mexico,6.3,TikTok,Yes,6.2,5,Single,4,8,44.1,High
698,24,Male,Graduate,France,4.8,Facebook,No,7.1,7,In Relationship,2,5,33.6,Medium
699,19,Female,Undergraduate,Canada,5.7,Instagram,Yes,6.6,6,Single,3,7,39.9,High
700,22,Male,Graduate,UK,6.2,Twitter,Yes,6.3,5,Single,4,8,43.4,High
701,20,Female,Undergraduate,Italy,4.7,TikTok,No,7.2,7,In Relationship,2,5,32.9,Medium
702,23,Male,Graduate,Russia,6.8,Instagram,Yes,5.9,4,Single,5,9,47.6,High
703,21,Female,Undergraduate,China,5.6,WeChat,Yes,6.7,6,In Relationship,3,7,39.199999999999996,High
704,24,Male,Graduate,Japan,4.3,Twitter,No,7.5,8,Single,2,4,30.099999999999998,Medium
705,19,Female,Undergraduate,Poland,6.2,Facebook,Yes,6.3,5,Single,4,8,43.4,High
